Meteorite_Landings
name,id,recclass,mass (g),year
Aachen,1,L5,21,1880
Aarhus,2,H6,720,1951
Abee,6,EH4,107000,1952
Acapulco,10,Acapulcoite,1914,1976
Achiras,370,L6,780,1902
Adhi Kot,379,EH4,4239,1919
Adzhi-Bogdo (stone),390,LL3-6,910,1949
Agen,392,H5,30000,1814
Aguada,398,L6,1620,1930
Aguila Blanca,417,L,1440,1920
Aioun el Atrouss,423,Diogenite-pm,1000,1974
Aïr,424,L6,24000,1925
Akaba,426,L6,779,1949
Akbarpur,427,H4,1800,1838
Akwanga,432,H,3000,1959
Akyumak,433,Iron & IVA,50000,1981
Al Rais,446,CR2-an,160,1957
Al Zarnkh,447,LL5,700,2001
Alais,448,CI1,6000,1806
Albareto,453,L/LL4,2000,1766
Alberta,454,L,625,1949
Alby sur Chéran,458,Eucrite-mmict,252,2002
Aldsworth,461,LL5,700,1835
Aleppo,462,L6,3200,1873
Alessandria,463,H5,908,1860
Alexandrovsky,465,H4,9251,1900
Alfianello,466,L6,228000,1883
Allegan,2276,H5,32000,1899
Allende,2278,CV3,2000000,1969
Almahata Sitta,48915,Ureilite-an,3950,2008
Alta'ameem,2284,LL5,6000,1977
Ambapur Nagla,2290,H5,6400,1895
Andhara,2294,Stone-uncl,2700,1880
Andover,2295,L6,3200,1898
Andreevka,2296,L3,600,1969
Andura,2298,H6,17900,1939
Angra dos Reis (stone),2302,Angrite,1500,1869
Ankober,2304,H4,6500,1942
Anlong,2305,H5,2500,1971
Aomori,2313,L6,320,1984
Appley Bridge,2318,LL6,15000,1914
Apt,2320,L6,3200,1803
Arbol Solo,2325,H5,810,1954
Archie,2329,H6,5070,1932
Arroyo Aguiar,2340,H5,7450,1950
Asco,2345,H6,41,1805
Ash Creek,48954,L6,9500,2009
Ashdon,2346,L6,1300,1923
Assisi,2353,H5,2000,1886
Atarra,4883,L4,1280,1920
Atemajac,4884,L6,94.2,1896
Athens,4885,LL6,265,1933
Atoka,4888,L6,1384.2,1945
Aubres,4893,Aubrite,800,1836
Aumale,4899,L6,50000,1865
Aumieres,4900,L6,2000,1842
Ausson,4903,L5,50000,1858
Avanhandava,4905,H4,9330,1952
Avce,4906,Iron & IIAB,1230,1908
Avilez,4907,H,146,1855
Awere,4910,L4,134,1968
Aztec,4913,L6,2830,1938
Bachmut,4917,L6,18000,1814
Bahjoi,4922,Iron & IAB-sLL,10322,1934
Bald Mountain,4925,L4,3700,1929
Baldwyn,4926,L6,345,1922
Bali,4928,CV3,1000,1907
Ban Rong Du,4934,Iron & ungrouped,16700,1993
Bandong,4935,LL6,11500,1871
Bansur,4936,L6,15000,1892
Banswal,4937,L5,14,1913
Banten,4938,CM2,629,1933
Barbotan,4942,H5,6400,1790
Barea,4946,Mesosiderite-A1,3200,1842
Barnaul,4947,H5,23.2,1904
Barntrup,4948,LL4,17,1886
Baroti,4949,L6,4500,1910
Barwell,4954,L5,44000,1965
Bassikounou,44876,H5,29560,2006
Baszkówka,4957,L5,15500,1994
Bath,4974,H4,21000,1892
Bath Furnace,4975,L6,86000,1902
Battle Mountain,56133,L6,2900,2012
Bawku,4976,LL5,1557,1989
Baxter,4977,L6,611,1916
Beardsley,4984,H5,16000,1929
Beaver Creek,4986,H5,14000,1893
Beddgelert,4993,H5,794,1949
Bells,5005,C2-ung,375,1961
Benares (a),5011,LL4,3700,1798
Benguerir,30443,LL6,25000,2004
Beni M'hira,5018,L6,19000,2001
Benld,5021,H6,1770.5,1938
Benoni,5023,H6,3880,1943
Bensour,5024,LL6,45000,2002
Benton,5026,LL6,2840,1949
Berduc,48975,L6,270,2008
Béréba,5028,Eucrite-mmict,18000,1924
Berlanguillas,5029,L6,1440,1811
Berthoud,47355,Eucrite-mmict,960,2004
Bethlehem,5032,H,13.9,1859
Beuste,5034,L5,2000,1859
Beyrout,5035,LL3.8,1100,1921
Bhagur,5037,L6,18,1877
Bhawad,36591,LL6,678,2002
Bherai,5039,L6,100,1893
Bhola,5040,LL3-6,1047,1940
Bholghati,5041,Howardite,2500,1905
Bialystok,5042,Eucrite-pmict,4000,1827
Bielokrynitschie,5043,H4,1900,1887
Bilanga,5045,Diogenite,25000,1999
Binningup,5051,H5,488.1,1984
Birni N'konni,5056,H4,560,1923
Bishopville,5059,Aubrite,6000,1843
Bishunpur,5060,LL3.15,1039,1895
Bjelaja Zerkov,5063,H6,1850,1796
Bjurböle,5064,L/LL4,330000,1899
Black Moshannan Park,5065,L5,705,1941
Blackwell,5068,L5,2381,1906
Blanket,5071,L6,5100,1909
Blansko,5072,H6,470,1833
Bloomington,5076,LL6,67.8,1938
Bo Xian,5090,LL3.9,7500,1977
Bocas,5093,L6,56,1804
Bogou,5097,Iron & IAB-MG,8800,1962
Boguslavka,5098,Iron & IIAB,256000,1916
Borgo San Donino,5110,LL6,1676,1808
Bori,5111,L6,8600,1894
Boriskino,5112,CM2,1342,1930
Borkut,5113,L5,7000,1852
Borodino,5114,H5,500,1812
Botschetschki,5117,L4,614,1823
Boumdeid (2003),57168,L6,190,2003
Boumdeid (2011),57167,L6,3599,2011
Bovedy,5121,L3,5460,1969
Bradford Woods,5128,L,762,1886
Braunau,5133,Iron & IIAB,39000,1847
Breitscheid,5134,H5,1500,1956
Bremervörde,5135,H/L3.9,7250,1855
Brient,5140,Eucrite-pmict,219,1933
Bruderheim,5156,L6,303000,1960
Bukhara,30448,CV3,5300,2001
Bulls Run,5163,Iron?,2250,1964
Bunburra Rockhole,48653,Eucrite,324,2007
Bununu,5165,Howardite,357,1942
Bur-Gheluai,5169,H5,120000,1919
Burnwell,5175,H4-an,1504,1990
Bursa,5177,L6,25000,1946
Buschhof,5178,L6,5000,1863
Bustee,5181,Aubrite,1500,1852
Butsura,5183,H6,29000,1861
Buzzard Coulee,48654,H4,41000,2008
Cabezo de Mayo,5185,L/LL6,25000,1870
Cabin Creek,5186,Iron & IIIAB,48500,1886
Cacak,5187,OC,212,1919
Cali,45976,H/L4,478,2007
Calivo,5200,Stone-uncl,2400,1916
Campos Sales,5249,L5,23680,1991
Çanakkale,5250,L6,4000,1964
Cañellas,5251,H4,945,1861
Cangas de Onis,5252,H5,34000,1866
Canon City,5253,H6,1400,1973
Cape Girardeau,5260,H6,2300,1846
Capilla del Monte,5264,H6,750,1934
Carancas,45817,H4-5,342,2007
Caratash,5265,LL6,8,1902
Castalia,5291,H5,7300,1874
Castine,5293,L6,94,1848
Castrovillari,5295,Stone-uncl,15000,1583
Caswell County,5296,OC,1360,1810
Ceniceros,5306,L3.7,1025,1988
Centerville,5307,H5,45.6,1956
Cereseto,5308,H5,6460,1840
Chadong,5313,L6,3700,1998
Chail,5314,H6,0.5,1814
Chainpur,5315,LL3.4,8200,1907
Chajari,5316,L5,18300,1933
Chandakapur,5320,L5,8800,1838
Chandpur,5321,L6,1100,1885
Changde,5322,H5,1810,1977
Chantonnay,5325,L6,31500,1812
Charlotte,5328,Iron & IVA,4300,1835
Charsonville,5329,H6,27000,1810
Charwallas,5330,H6,12000,1834
Chassigny,5331,Martian (chassignite),4000,1815
Château-Renard,5332,L6,30000,1841
Chaves,5334,Howardite,2945,1925
Chela,5338,H4,2936,1988
Chelyabinsk,57165,LL5,100000,2013
Chergach ,47347,H5,100000,2007
Chernyi Bor,5339,H4,6000,1964
Cherokee Springs,5340,LL6,8400,1933
Chervettaz,5341,L5,705,1901
Chervony Kut,5342,Eucrite-mmict,1700,1939
Chetrinahatti,5344,Stone-uncl,72,1880
Chiang Khan,5345,H6,367,1981
Chicora,5349,LL6,303,1938
Chisenga,5355,Iron & IIIAB,3920,1988
Chitenay,5357,L6,4000,1978
Cilimus,5364,L5,1600,1979
Claxton,5374,L6,1455,1984
Clohars,5383,L4,48.6,1822
Colby (Wisconsin),5395,L6,104000,1917
Cold Bokkeveld,5397,CM2,5200,1838
Coleman,5401,L6,469,1994
Collescipoli,5403,H5,5000,1890
Conquista,5418,H4,20350,1965
Cosina,5451,H5,1200,1844
Cranganore,5465,L6,1460,1917
Crescent,5470,CM2,78.400000000000000,1936
Cronstad,5474,H5,3650,1877
Cross Roads,5476,H5,167,1892
Crumlin,5477,L5,4255,1902
Cumberland Falls,5496,Aubrite,17000,1919
Cynthiana,5500,L/LL4,6000,1877
Dahmani,5504,LL6,18000,1981
Dandapur,5511,L6,5650,1878
Daniel's Kuil,5513,EL6,1064,1868
Danville,5514,L6,2000,1868
Darmstadt,6603,H5,100,1804
Dashoguz,6604,H5,7000,1998
Daule,51559,L5,6580,2008
De Cewsville,6621,H6,340,1887
Deal,6634,L6,28,1829
Delhi,6642,L5,0.8,1897
Demina,6649,L6,16400,1911
Denver,6660,L6,230,1967
Dergaon,6664,H5,12500,2001
Desuri,6693,H6,25400,1962
Devgaon,6694,H3.8,12000,2001
Devri-Khera,6696,L6,1140,1994
Dhajala,6698,H3.8,45000,1976
Dharwar,6699,OC,1800,1848
Dhurmsala,7640,LL6,32000,1860
Didim,47350,H3-5,3396,2007
Diep River,7642,L6,1000,1906
Distrito Quebracho,7649,H4,400,1957
Djati-Pengilon,7652,H6,166000,1884
Djermaia,7656,H,3950,1961
Djoumine,7657,H5-6,10000,1999
Dokachi,7658,H5,3840,1903
Dolgovoli,7659,L6,1600,1864
Domanitch,7661,L5,438,1907
Dong Ujimqin Qi,7706,Mesosiderite,128800,1995
Donga Kohrod,7707,H6,230,1899
Dongtai,7708,LL6,5500,1970
Doroninsk,7718,H5-7,3891,1805
Dosso,7722,L6,1250,1962
Douar Mghila,7723,LL6,1161,1932
Dowa,7725,Stone-uncl,642,1976
Drake Creek,7728,L6,5000,1827
Dresden (Ontario),7731,H6,47700,1939
Dubrovnik,7736,L3-6,1900,1951
Dunbogan,7743,L6,30,1999
Dundrum,7745,H5,2270,1865
Durala,7750,L6,13200,1815
Duruma,7752,L6,577,1853
Duwun,7754,L6,2117,1943
Dwaleni,7755,H4-6,3230,1970
Dyalpur,7757,Ureilite,300,1872
Dyarrl Island,7758,Mesosiderite-A1,188,1933
Eagle,7760,EL6,10000,1947
Ehole,7774,H5,2400,1961
Eichstädt,7775,H5,3000,1785
Ekeby,7776,H4,3336,1939
Ekh Khera,7777,H6,840,1916
El Idrissia,7807,L6,10000,1989
El Paso de Aguila,45977,H5,17226,1977
El Tigre,7819,L6,5000,1993
Elbert,7822,LL6,680.5,1998
Elbogen,7823,Iron & IID,107000,1399
Elenovka,7824,L5,54640,1951
Ellemeet,10019,Diogenite,1470,1925
Emmaville,10033,Eucrite-mmict,127,1900
Enshi,10038,H5,8000,1974
Ensisheim,10039,LL6,127000,1491
Épinal,10041,H5,277,1822
Erakot,10042,CM2,113,1940
Erevan,10043,Howardite,107.2,1911
Ergheo,10044,L5,20000,1889
Erxleben,10049,H6,2250,1812
Esnandes,10051,L6,1500,1837
Essebi,10055,C2-ung,500,1957
Estherville,10059,Mesosiderite-A3/4,320000,1879
Farmington,10074,L5,89400,1890
Farmville,10075,H4,56000,1934
Favars,10078,H5,1500,1844
Fayetteville,10079,H4,2360,1934
Feid Chair,10080,H4,380,1875
Felix,10081,CO3.3,3200,1900
Fenghsien-Ku,10086,H5,82,1924
Ferguson,10088,OC,220,1889
Fermo,10091,H3-5,10200,1996
Fisher,10107,L6,17600,1894
Florence,10111,H3,3640,1922
Forest City,10119,H5,152000,1890
Forest Vale,10120,H4,26000,1942
Forksville,10123,L6,6067,1924
Forsbach,10163,H6,240,1900
Forsyth,10164,L6,16300,1829
Frankfort (stone),10177,Howardite,650,1868
Fuhe,52412,L5,23000,1945
Fukutomi,10836,L5,11620,1882
Futtehpur,10839,L6,4000,1822
Fuyang,10840,Stone-uncl,2500,1977
Galapian,10846,H6,132.70000000000000,1826
Galim (a),10848,LL6,36.1,1952
Galim (b),10849,EH3/4-an,28,1952
Galkiv,10850,H4,5000,1995
Gambat,10851,L6,6400,1897
Garhi Yasin,10860,Iron & IIE,380,1917
Garland,10861,Diogenite-pm,102,1950
Gashua,44882,L6,4162,1984
Geidam,10870,H5,725,1950
Gifu,10914,L6,14290,1909
Girgenti,10917,L6,18000,1853
Git-Git,10919,L6,480,1947
Glanerbrug,10923,L/LL5,670,1990
Glanggang,10924,H5-6,1303,1939
Glasatovo,10926,H4,152000,1918
Glatton,10930,L6,767,1991
Gnadenfrei,10936,H5,1750,1879
Gopalpur,10948,H6,1600,1865
Gorlovka,10949,H3.7,3618,1974
Granes,10956,L6,9000,1964
Grefsheim,11196,L5,45.5,1976
Grimsby,50911,H5,215,2009
Grosnaja,11206,CV3,3500,1861
Gross-Divina,11207,H5,10500,1837
Grossliebenthal,11208,L6,8000,1881
Grüneberg,11426,H4,1000,1841
Grzempach,11429,H5,690,1910
Gualeguaychú,11432,H6,22000,1932
Guangmingshan,11435,H5,2910,1996
Guangrao,11437,L6,1900,1980
Guareña,11439,H6,39000,1892
Guêa,11440,Stone-uncl,1915,1891
Guibga,11442,L5,288,1972
Guidder,11443,LL5,968,1949
Gujargaon,11448,H5,2449,1982
Gujba,11449,CBa,100000,1984
Gumoschnik,11450,H5,5700,1904
Gurram Konda,11464,L6,28,1814
Gursum,11465,H4/5,34650,1981
Gütersloh,11466,H3/4,1000,1851
Gyokukei,11467,OC,1320,1930
Hachi-oji,11468,H?,0.2,1817
Hainaut,11472,H3-6,9000,1934
Hallingeberg,11479,L3.4,1456,1944
Hamlet,11485,LL4,3710,1959
Haraiya,11824,Eucrite-mmict,1000,1878
Haripura,11829,CM2,315,1921
Harleton,11830,L6,8360,1961
Harrison County,11842,L6,680,1859
Hashima,11848,H4,1110.6000000000000,1910
Hassi-Jekna,11852,Iron & IAB-sHL,1250,1890
Hatford,11855,Stone-uncl,29000,1628
Haverö,11859,Ureilite,1544,1971
Hedeskoga,11869,H5,3500,1922
Hedjaz,11870,L3.7-6,6100,1910
Heredia,11875,H5,1000,1857
Hessle,11878,H5,20000,1869
Higashi-koen,11883,H5,750,1897
High Possil,11884,L6,4500,1804
Hiroshima,11889,H5,414,2003
Hoima,44714,H6,167.7,2003
Hökmark,11893,L4,305.5,1954
Holbrook,11894,L/LL6,220000,1912
Holetta,11895,Stone-uncl,1415,1923
Homestead,11901,L5,230000,1875
Honolulu,11904,L5,2420,1825
Hotse,11913,L6,180,1956
Hoxie,11915,OC,266.10000000000000,1963
Hraschina,11916,Iron & IID,49000,1751
Huaxi,54719,H5,1600,2010
Hungen,11986,H6,112,1877
Hvittis,11989,EL6,14000,1901
Ibbenbüren,11992,Diogenite,2000,1870
Ibitira,11993,Eucrite-mmict,2500,1957
Ichkala,11995,H6,3973,1936
Idutywa,12000,H5,3457,1956
Iguaracu,12003,H5,1200,1977
Ijopega,12004,H6,7330,1975
Indarch,12027,EH4,27000,1891
Independence,12028,L6,880,1917
Inner Mongolia,12037,L6,3000,1963
Innisfree,12039,L5,4576,1977
Ipiranga,12043,H6,7000,1972
Ishinga,12049,H,1300,1954
Isthilart,12053,H5,3050,1928
Itapicuru-Mirim,12056,H5,2024,1879
Itqiy,12058,EH7-an,4720,1990
Ivuna,12063,CI1,704.5,1938
Jackalsfontein,12065,L6,48000,1903
Jajh deh Kot Lalu,12067,EL6,973,1926
Jalanash,12068,Ureilite,700,1990
Jalandhar,12069,Iron,1967,1621
Jamkheir,12072,H6,22,1866
Jartai,12074,L6,20500,1979
Jelica,12078,LL6,34000,1889
Jemlapur,12079,L6,450,1901
Jesenice,51589,L6,3667,2009
Jhung,12085,L5,5900,1873
Jiange,12086,H5,222,1964
Jianshi,12087,Iron & IIIAB,600000,1890
Jilin,12171,H5,4000000,1976
Jodiya,47362,L5,100,2006
Jodzie,12173,Howardite,30,1877
Johnstown,12198,Diogenite,40300,1924
Jolomba,12199,LL6,483,1974
Jonzac,12202,Eucrite-mmict,5000,1819
Juancheng,12203,H5,100000,1997
Judesegeri,12207,H6,680,1876
Jumapalo,12209,L6,32490,1984
Junan,12210,L6,950,1976
Juromenha,12213,Iron & IIIAB,25250,1968
Juvinas,12214,Eucrite-mmict,91000,1821
Kaba,12218,CV3,3000,1857
Kabo,12220,H4,13400,1971
Kadonah,12221,H6,89,1822
Kaee,12222,H5,230,1838
Kagarlyk,12227,L6,1900,1908
Kaidun,12228,CR2,2000,1980
Kainsaz,12229,CO3.2,200000,1937
Kakangari,12230,K3,350,1890
Kakowa,12231,L6,577,1858
Kalaba,12232,H4,950,1951
Kalumbi,12236,L6,4500,1879
Kamalpur,12238,L6,2770,1942
Kamiomi,12240,H5,448,1913
Kamsagar,12241,L6,1293,1902
Kandahar (Afghanistan),12243,L6,299,1959
Kangean,12245,H5,1630,1908
Kangra Valley,12246,H5,400,1897
Kapoeta,12251,Howardite,11355,1942
Kaprada,47357,L5/6,1600,2004
Kaptal-Aryk,12253,L6,3500,1937
Karakol,12256,LL6,3000,1840
Karatu,12258,LL6,2220,1963
Karewar,12260,L6,180,1949
Karkh,12262,L6,22000,1905
Karloowala,12263,L6,2950,1955
Karoonda,12264,CK4,41730,1930
Kasamatsu,12266,H,710,1938
Kasauli,30740,H4,16820,2003
Katagum,35465,L6,1500,1999
Kavarpura,47351,Iron & IIE-an,6800,2006
Kayakent,12268,Iron & IIIAB,85000,1961
Kediri,12270,L4,3300,1940
Kemer,53654,L4,5760,2008
Kendleton,12275,L4,6937,1939
Kendrapara,12276,H4-5,6669.2,2003
Kerilis,12282,H5,5000,1874
Kernouve,12284,H6,80000,1869
Kesen,12286,H4,135000,1850
Khairpur,12288,EL6,13600,1873
Khanpur,12289,LL5,3698,1932
Kharkov,12291,L6,1500,1787
Kheragur,12294,L6,450,1860
Khetri,12296,H6,100,1867
Khmelevka,12297,L5,6109,1929
Khohar,12298,L3.6,9700,1910
Khor Temiki,12299,Aubrite,3200,1932
Kidairat,12300,H6,100000,1983
Kiel,12301,L6,737.6,1962
Kiffa,12303,H5,1500,1970
Kijima (1906),12305,Stone-uncl,331,1906
Kikino,12306,H6,195,1809
Kilabo,12307,LL6,19000,2002
Kilbourn,12308,H5,772,1911
Killeter,12309,H6,140,1844
Kingai,12316,H6,67.400000000000000,1967
Kirbyville,12321,Eucrite-mmict,97.7,1906
Kisvarsány,12325,L6,1550,1914
Kitchener,12326,L6,202.6,1998
Klein-Wenden,12332,H6,3250,1843
Knyahinya,12335,L/LL5,500000,1866
Kobe,12336,CK4,136,1999
Kokubunji,12342,L6,11510,1986
Komagome,12343,Iron,238,1926
Konovo,12344,LL5,90,1931
Košice,53810,H5,4300,2010
Krähenberg,12353,LL5,16500,1869
Krasnoi-Ugol,12355,L6,2440,1829
Krasnyi Klyuch,12357,H5,4000,1946
Krutikha,12363,OC,845.2,1906
Krymka,12364,LL3.2,50000,1946
Kukschin,12368,L6,2250,1938
Kulak,12369,L5,453.6,1961
Kuleschovka,12370,L6,6000,1811
Kulp,12373,H6,3719,1906
Kunashak,12377,L6,200000,1949
Kunya-Urgench,12379,H5,1100000,1998
Kushiike,12381,OC,4460,1920
Kusiali,12382,L6,5,1860
Kutais,12383,H5,23,1977
Kuttippuram,12384,L6,45000,1914
Kuznetzovo,12385,L6,4047,1932
Kyushu,12390,L6,45000,1886
La Bécasse,12392,L6,2800,1879
La Charca,12394,OC,399,1878
La Colina,12395,H5,2000,1924
La Criolla,12396,L6,45000,1985
Laborel,12408,H5,3833,1871
Lahrauli,12433,Ureilite,900,1955
L'Aigle,12434,L6,37000,1803
Cumulus Hills 04075,32531,Pallasite,9.6,2003
Lakangaon,12435,Eucrite-mmict,212.5,1910
Lalitpur,12451,L6,372,1887
Lancé,12455,CO3.5,51700,1872
Lancon,12456,H6,7000,1897
Långhalsen,12461,L6,2300,1947
Lanxi,12464,L6,1282,1986
Lanzenkirchen,12465,L4,7000,1925
Laochenzhen,12466,H5,14250,1987
Launton,12740,L6,1060,1830
Lavrentievka,12743,L6,800,1938
Le Pressoir,12748,H5,3000,1845
Le Teilleul,12749,Howardite,780,1845
Leedey,12755,L6,51500,1943
Leeuwfontein,12756,L6,460,1912
Leighlinbridge,12759,L6,271.40000000000000,1999
Leighton,12760,H5,877,1907
Leonovka,12765,L6,700,1900
Les Ormes,12769,L6,125,1857
Lesves,12772,L6,2000,1896
Lichtenberg,14646,H6,4000,1973
Lillaverke,14650,H5,6862,1930
Limerick,14652,H5,50000,1813
Linum,14655,L6,1862,1854
Lishui,14659,L5,498,1978
Lissa,14661,L6,12800,1808
Little Piney,14664,L5,491,1839
Lixna,14670,H4,5213,1820
Lodran,14675,Lodranite,1000,1868
Lohawat,14678,Howardite,40000,1994
Lorton,52843,L6,329.7,2010
Los Martinez,14708,L6,25,1894
Lost City,14711,H5,17000,1970
Louisville,14716,L6,1300,1977
Łowicz,14718,Mesosiderite-A3,59000,1935
Lua,14721,L5,9241,1926
Lucé,14724,L6,3500,1768
Lumpkin,14753,L6,340,1869
Lunan,14754,H6,2520,1980
Lundsgård,14755,L6,11000,1889
Luotolax,14756,Howardite,885,1813
Luponnas,14757,H3-5,14000,1753
Mabwe-Khoywa,14764,L5,540,1937
Macau,15370,H5,1500,1836
Machinga,15371,L6,93200,1981
Macibini,15372,Eucrite-pmict,1995,1936
Madhipura,15379,L,1000,1950
Madiun,15380,L6,400,1935
Madrid,15382,L6,400,1896
Mafra,15383,L3-4,600,1941
Magnesia,15386,Iron & IAB-sHL,5000,1899
Magombedze,15387,H3-5,666.6,1990
Mahadevpur,47361,H4/5,70500,2007
Maigatari-Danduma,30751,H5/6,4629,2004
Malaga,15393,OC,150,1933
Malakal,15394,L5,2000,1970
Malampaka,15395,H,470,1930
Malvern,15400,Eucrite-pmict,807,1933
Mamra Springs,15401,L6,1000,1927
Manbhoom,15402,LL6,1700,1863
Manegaon,15403,Diogenite,50,1843
Mangwendi,15405,LL6,22300,1934
Manych,15409,LL3.4,3555,1951
Mardan,15414,H5,4500,1948
Maria Linden,15418,L4,114,1925
Mariaville,15419,Iron,340,1898
Maribo,48973,CM2,25.81,2009
Maridi,15421,H6,3200,1941
Marilia,15422,H4,2500,1971
Marion (Iowa),15424,L6,28400,1847
Marjalahti,15426,Pallasite & PMG,45000,1902
Marmande,15429,L5,3000,1848
Maromandia,15430,L6,6000,2002
Maryville,15436,L6,1443,1983
Mascombes,15438,L6,1000,1836
Mason Gully,53653,H5,24.54,2010
Mässing,15443,Howardite,1600,1803
Mauerkirchen,15446,L6,19000,1768
Mauritius,15447,L6,220,1801
Mayo Belwa,15451,Aubrite,4850,1974
Mazapil,15453,Iron & IAB-sLL,4000,1885
Maziba,15454,L6,4975,1942
Mbale,15455,L5/6,150000,1992
Medanitos,15467,Eucrite-cm,31,1953
Meerut,15469,H5,22,1861
Meester-Cornelis,15470,H5,24750,1915
Menow,15485,H4,10500,1862
Menziswyl,15486,L5,28.9,1903
Mern,15489,L6,4000,1878
Meru,15491,LL6,6000,1945
Merua,15492,H5,71400,1920
Messina,15495,L5,2405,1955
Meuselbach,16626,L6,870,1897
Mezel,16627,L6,1300,1949
Mezö-Madaras,16628,L3.7,22700,1852
Mhow,16629,L6,350,1827
Mianchi,16631,H5,1100,1980
Middlesbrough,16632,L6,1600,1881
Mifflin,52090,L5,3584,2010
Mighei,16634,CM2,8000,1889
Mihonoseki,16635,L6,6380,1992
Mike,16636,L6,224.2,1944
Milena,16640,L6,10000,1842
Millbillillie,16643,Eucrite-mmict,330000,1960
Miller (Arkansas),16645,H5,16700,1930
Minamino,16692,L,1040,1632
Mineo,16696,Pallasite,42,1826
Min-Fan-Zhun,16697,LL6,5500,1952
Minnichhof,16700,OC,550,1905
Mirzapur,16701,L5,8510,1910
Misshof,16703,H5,5800,1890
Mjelleim,16707,H,100.7,1898
Mocs,16709,L5-6,300000,1882
Modoc (1905),16711,L6,35000,1905
Mokoia,16713,CV3,4500,1908
Molina,16715,H5,144000,1858
Molteno,16717,Howardite,150,1953
Monahans (1998),16719,H5,2587,1998
Monroe,16720,H4,8600,1849
Monte das Fortes,16725,L5,4885,1950
Monte Milone,16726,L5,3130,1846
Montferré,16727,H5,149000,1923
Montlivault,16729,L6,500,1838
Moore County,16736,Eucrite-cm,1880,1913
Mooresfort,16737,H5,3520,1810
Moorleah,16738,L6,8887.5,1930
Moradabad,16740,L6,70,1808
Morávka,16742,H5,633,2000
Mornans,16747,H5,1300,1875
Moss,36592,CO3.6,3763,2006
Moti-ka-nagla,16759,H6,1500,1868
Motta di Conti,16762,H4,9150,1868
Mount Browne,16766,H6,11300,1902
Mount Tazerzait,16804,L5,110000,1991
Mount Vaisi,16805,Stone-uncl,17000,1637
Mtola,16820,Stone-uncl,1100,1944
Muddoor,16841,L5,4400,1865
Mulletiwu,16851,L,25.5,1795
Muraid,16874,L6,4703,1924
Murchison,16875,CM2,100000,1969
Murray,16882,CM2,12600,1950
Muzaffarpur,16885,Iron & IAB-sHL,1245,1964
Nadiabondi,16889,H5,8165,1956
Nagai,16890,L6,1810,1922
Nagaria,16892,Eucrite-cm,20,1875
Nagy-Borové,16893,L5,6100,1895
Nakhla,16898,Martian (nakhlite),10000,1911
Nakhon Pathom,16899,L6,23200,1923
Nammianthal,16902,H5,4500,1886
Nan Yang Pao,16903,L6,52900,1917
Nanjemoy,16904,H6,7500,1825
Nantong,16907,H6,529,1984
Naoki,16908,H6,17000,1928
Naragh,16909,H6,2700,1974
Narellan,16912,L6,367.5,1928
Nassirah,16922,H4,347,1936
Natal,16923,Stone-uncl,1.4,1973
Nawapali,16927,CM2,105,1890
Neagari,16934,L6,420,1995
Nedagolla,16935,Iron & ungrouped,4500,1870
Nejo,16941,L6,2450,1970
Nerft,16945,L6,10250,1864
Neuschwanstein,16950,EL6,6189,2002
New Concord,16953,L6,230000,1860
New Halfa,16954,L4,12000,1994
New Orleans,16960,H5,19256,2003
Ngawi,16966,LL3.6,1393,1883
N'Goureyma,16968,Iron & ungrouped,37500,1900
Niger (L6),16974,L6,3.3,1967
Niger (LL6),16975,LL6,3.3,1967
Nikolaevka,16976,H4,3996,1935
Nikolskoe,16977,L4,6000,1954
Ningbo,16980,Iron & IVA,14250,1975
Ningqiang,16981,C3-ung,4610,1983
Nio,16982,H3-4,467,1897
N'Kandhla,16983,Iron & IID,17200,1912
Nobleborough,16984,Eucrite-pmict,2300,1823
Noblesville,16985,H4-6,483.7,1991
Nogata,16988,L6,472,860
Nogoya,16989,CM2,4000,1879
Norfork,16994,Iron & IIIAB,1050,1918
Norton County,17922,Aubrite,1100000,1948
Noventa Vicentina,17930,H4,177,1971
Novo-Urei,17933,Ureilite,1900,1886
Novy-Projekt,17935,OC,1001,1908
Noyan-Bogdo,17936,L6,250,1933
Nuevo Mercurio,17938,H5,50000,1978
Nulles,17959,H6,5000,1851
Numakai,17960,H4,363,1925
Nyaung,17969,Iron & IIIAB,737.6,1939
Nyirábrany,17970,LL5,1100,1914
Ochansk,17979,H4,500000,1887
Oesede,17988,H5,1400,1927
Oesel,17989,L6,6000,1855
Ofehértó,17990,L6,3750,1900
Ogi,17994,H6,14360,1741
Ohaba,17995,H5,16250,1857
Ohuma,17996,L5,7700,1963
Ojuelos Altos,17997,L6,5850,1926
Okabe,17998,H5,194,1958
Okano,18000,Iron & IIAB,4742,1904
Okniny,18002,LL6,12000,1834
Oldenburg (1930),18009,L6,16570,1930
Olivenza,18013,LL5,150000,1924
Olmedilla de Alarcón,18015,H5,40000,1929
Omolon,18019,Pallasite & PMG,250000,1981
Orgueil,18026,CI1,14000,1864
Orlando,34489,Eucrite,180,2004
Ornans,18030,CO3.4,6000,1868
Ortenau,18033,Stone-uncl,4500,1671
Orvinio,18034,H6,3400,1872
Oterøy,18042,L6,246,1928
Otomi,18045,H,6510,1867
Ottawa,18046,LL6,840,1896
Ouadangou,56729,L5,4440,2003
Oued el Hadjar,18050,LL6,1215.5,1986
Oum Dreyga,31282,H3-5,17000,2003
Ourique,18052,H4,20000,1998
Ovambo,18055,L6,121.5,1900
Oviedo,18058,H5,205,1856
Pacula,18068,L6,3400,1881
Padvarninkai,18069,Eucrite-mmict,3858,1929
Paitan,18072,H6,515,1910
Palca de Aparzo,18074,L5,1430,1988
Palinshih,18077,Iron,18000,1914
Palmyra,18079,L3,135,1926
Palolo Valley,18082,H5,682,1949
Dominion Range 03239,32591,L6,69.5,2002
Pampanga,18093,L5,10500,1859
Pantar,18098,H5,2130,1938
Paragould,18101,LL5,408000,1930
Parambu,18102,LL5,2000,1967
Paranaiba,18103,L6,100000,1956
Park Forest,18106,L5,18000,2003
Parnallee,18108,LL3.6,77600,1857
Parsa,18109,EH3,800,1942
Pasamonte,18110,Eucrite-pmict,5100,1933
Patora,18112,H6,4375,1969
Patrimonio,18116,L6,2121,1950
Patti,18118,Iron,12,1922
Patwar,18171,Mesosiderite-A1,37350,1935
Pavel,18173,H5,2968,1966
Pavlodar (stone),18175,H5,142.5,1938
Pavlograd,18176,L6,40000,1826
Pavlovka,18177,Howardite,2000,1882
Peace River,18180,L6,45760,1963
Peckelsheim,18181,Diogenite-pm,117.8,1953
Peekskill,18782,H6,12570,1992
Peña Blanca Spring,18786,Aubrite,70000,1946
Peramiho,18792,Eucrite-mmict,165,1899
Perpeti,18793,L6,23474,1935
Perth,18797,LL5,2,1830
Pervomaisky,18798,L6,66000,1933
Pesyanoe,18799,Aubrite,3393,1933
Pétèlkolé,18800,H5,189,1995
Petersburg,18801,Eucrite-pmict,1800,1855
Phillips County (stone),18808,L6,57900,1901
Phu Hong,18809,H4,500,1887
Phum Sambo,18811,H4,7800,1933
Phuoc-Binh,18812,L5,11000,1941
Piancaldoli,18813,LL3.4,13.1,1968
Pillistfer,18822,EL6,23250,1863
Piplia Kalan,18831,Eucrite-mmict,42000,1996
Piquetberg,18832,H,37,1881
Pirgunje,18834,L6,842,1882
Pirthalla,18835,H6,1161,1884
Pitts,18837,Iron & IAB-ung,3760,1921
Plantersville,18846,H6,2085,1930
Pleşcoi,51706,L5-6,6913,2008
Ploschkovitz,18849,L5,39,1723
Pnompehn,18851,L6,96,1868
Dominion Range 03240,32592,LL5,290.90000000000000,2002
Pohlitz,18853,L5,3000,1819
Pokhra,18858,H5,350,1866
Pollen,18860,CM2,253.6,1942
Pontlyfni,18865,Winonaite,157,1931
Portales Valley,18874,H6,71400,1998
Portugal,18876,Stone-uncl,4500,1796
Po-wang Chen,18879,LL,665,1933
Prambachkirchen,18883,L6,2125,1932
Pribram,18887,H5,5555,1959
Pricetown,18888,L6,900,1893
Puerto Lápice,45984,Eucrite-br,500,2007
Pulsora,18899,H5,560,1863
Pultusk,18901,H5,250000,1868
Punganaru,18902,Stone-uncl,100,1811
Putinga,18905,L6,300000,1937
Qidong,18907,L/LL5,1275,1982
Qingzhen,18908,EH3,2600,1976
Queen's Mercy,22357,H6,7000,1925
Quenggouk,22358,H4,6045,1857
Quesa,22360,Iron & IAB-ung,10750,1898
Quija,22361,H,17450,1990
Quincay,22363,L6,65,1851
Raco,22368,H5,5000,1957
Raghunathpura,22371,Iron & IIAB,10200,1986
Rahimyar Khan,31302,L5,67225,1983
Rakovka,22376,L6,9000,1878
Ramnagar,22384,L6,3766,1940
Rampurhat,22385,LL,100,1916
Ramsdorf,22386,L6,4682,1958
Ranchapur,22387,H4,290.40000000000000,1917
Rancho de la Presa,22390,H5,300,1899
Rangala,22392,L6,3224.5,1937
Raoyang,22394,L6,4910,1919
Ras Tanura,22395,H6,6.1,1961
Rasgrad,22396,Stone-uncl,24700,1740
Ratyn,22398,Stone-uncl,910,1880
Red Canyon Lake,53502,H5,18.41,2007
Reliegos,22584,L5,17300,1947
Rembang,22585,Iron & IVA,10000,1919
Renazzo,22586,CR2,1000,1824
Renca,22587,L5,300,1925
Renqiu,22589,L6,355,1916
Repeev Khutor,22590,Iron & IIF,7000,1933
Revelstoke,22592,CI1,1,1965
Rewari,22593,L6,3332,1929
Rich Mountain,22597,L6,668,1903
Uzcudun,24140,L,20000,1948
Richardton,22599,H5,90000,1918
Richland Springs,22602,OC,1900,1980
Richmond,22603,LL5,1800,1828
Rio Negro,22611,L4,1310,1934
Rivolta de Bassi,22614,Stone-uncl,103.3,1490
Rochester,22637,H6,340,1876
Rockhampton,22640,Stone-uncl,1641,1895
Roda,22641,Diogenite,400,1871
Rodach,22642,Stone-uncl,2900,1775
Rose City,22766,H5,10600,1921
Rowton,22773,Iron & IIIAB,3500,1876
Ruhobobo,22780,L6,465.5,1976
Rumuruti,22782,R3.8-6,67,1934
Rupota,22783,L4-6,6000,1949
Ryechki,22791,L5,13000,1914
Sabetmahet,22792,H5,1250,1855
Sabrum,22793,LL6,478,1999
Saint-Sauveur,23101,EH5,14000,1914
Saint-Séverin,23102,LL6,271000,1966
Sakauchi,23103,Iron,4180,1913
Salem,23107,L6,61.4,1981
Salles,23111,L5,9000,1798
Salzwedel,23114,LL5,43,1985
Samelia,23115,Iron & IIIAB,2462,1921
San Juan Capistrano,23128,H6,56,1973
San Michele,31315,L6,237,2002
San Pedro de Quiles,23130,L6,282,1956
San Pedro Jacuaro,34063,LL6,460,1968
Santa Barbara,23161,L4,400,1873
Santa Cruz,23164,CM2,60,1939
Santa Isabel,23165,L6,5500,1924
Santa Lucia (2008),50909,L6,4000,2008
São Jose do Rio Preto,23171,H4,927,1962
Saratov,23176,L4,200000,1918
Sasagase,23187,H,695,1688
Sauguis,23188,L6,4000,1868
Savtschenskoje,23190,LL4,2500,1894
Sayama,23192,CM2,430,1986
Sazovice,23455,L5,412,1934
Schellin,23457,L,7000,1715
Schenectady,23458,H5,283.3,1968
Schönenberg,23460,L6,8000,1846
Searsmont,23472,H5,5400,1871
Sediköy,23473,L6,240,1917
Segowlie,23476,LL6,6930,1853
Selakopi,23481,H5,1590,1939
Seldebourak,23483,H5,150,1947
Semarkona,23487,LL3.00,691,1940
Sena,23495,H4,4000,1773
Senboku,23496,H6,866,1993
Seoni,23500,H6,20000,1966
Seres,23501,H4,8500,1818
Serra de Magé,23502,Eucrite-cm,1800,1923
Sete Lagoas,23504,H4,350,1908
Sevilla,23508,LL4,180,1862
Sevrukovo,23509,L5,101000,1874
Sfax,23512,L6,7000,1989
Shalka,23521,Diogenite,4000,1850
Sharps,23525,H3.4,1265,1921
Shelburne,23529,L5,18600,1904
Shergotty,23530,Martian (shergottite),5000,1865
Sheyang,23531,L6,605,1976
Shikarpur,23534,L6,3679.7,1921
Shuangyang,23582,H5,3900,1971
Shupiyan,23583,H6,5000,1912
Shytal,23584,L6,3200,1863
Siena,23586,LL5,3700,1794
Sikhote-Alin,23593,Iron & IIAB,23000000,1947
Silao,23594,H5,1710,1995
Silistra,55584,Achondrite-ung,0.15,1917
Simmern,23603,H5,1222,1920
Sinai,23606,L6,1455,1916
Sindhri,23611,H5,8400,1901
Sinnai,23613,H6,2000,1956
Sioux County,23614,Eucrite-mmict,4100,1933
Sitathali,23616,H5,1600,1875
Sivas,23617,H6,40000,1989
Sixiangkou,23619,L5,630,1989
Ski,23621,L6,850,1848
Slavetic,23626,H5,1708,1868
Slobodka,23645,L4,2750,1818
Soheria,23660,OC,72.900000000000000,1960
Soko-Banja,23661,LL4,80000,1877
Sologne,23663,H5,54,1860
Sołtmany,53829,L6,1066,2011
Sone,23667,H5,17100,1866
Songyuan,23668,L6,36900,1993
Sopot,23670,OC,958,1927
Soroti,23671,Iron & ungrouped,2050,1945
St. Caprais-de-Quinsac,23081,L6,360,1883
St. Christophe-la-Chartreuse,23082,L6,5500,1841
St. Denis Westrem,23083,L6,700,1855
St. Germain-du-Pinel,23087,H6,4000,1890
St. Louis,23089,H4,1000,1950
St. Mark's,23090,EH5,13780,1903
St. Mary's County,23091,LL3.3,24.3,1919
St. Mesmin,23092,LL6,8300,1866
St. Michel,23093,L6,17000,1910
St.-Chinian,23097,L6,134.30000000000000,1959
Ställdalen,23712,H5,34000,1876
Stannern,23713,Eucrite-mmict,52000,1808
Stavropol,23717,L6,1500,1857
Ste. Marguerite,23099,H4,4960,1962
Sterlitamak,23724,Iron & IIIAB,325000,1990
Stratford,23728,L6,50,1974
Strathmore,23729,L6,13400,1917
Stretchleigh,23732,Stone-uncl,10400,1623
St-Robert,23733,H5,25400,1994
Success,23736,L6,3500,1924
Suchy Dul,23737,L6,815.3,1969
Suizhou,23738,L6,260000,1986
Sulagiri,48951,LL6,110000,2008
Sultanpur,23741,L/LL6,1710.5,1916
Sungach,23745,H5,637,1935
Supuhee,23760,H6,7235,1865
Sutter's Mill,55529,C,992.5,2012
Sylacauga,23773,H4,5560,1954
Tabor,23776,H5,7540,1753
Tadjera,23778,L5,9000,1867
Tagish Lake,23782,C2-ung,10000,2000
Tahara,23784,H4/5,1000,1991
Takenouchi,23789,H5,720,1880
Talampaya,23791,Eucrite-cm,1421,1995
Tambakwatu,23795,L6,10500,1975
Tamdakht,48691,H5,100000,2008
Tané,23801,L5,905,1918
Taonan,23873,L5,3850,1965
Tatahouine,23884,Diogenite,12000,1931
Tathlith,23885,L6,2500,1967
Tauk,23887,L6,6000,1929
Tauti,23888,L6,21000,1937
Tenham,23897,L6,160000,1879
Tennasilm,23898,L4,28500,1872
Thal,23908,H6,342,1950
Thika,54493,L6,14200,2011
Thuathe,23976,H4/5,45300,2002
Tianzhang,23984,H5,2232,1986
Tieschitz,23989,H/L3.6,28000,1878
Tilden,23998,L6,74800,1927
Tillaberi,23999,L6,3000,1970
Timochin,24004,H5,65500,1807
Tirupati,24009,H6,230,1934
Tissint,54823,Martian (shergottite),7000,2011
Tjabe,24011,H6,20000,1869
Tjerebon,24012,L5,16500,1922
Tomatlan,24020,H6,900,1879
Tomita,24023,L,600,1916
Tomiya,24024,H4/5,27.5,1984
Tonk,24026,CI1,7.7,1911
Torino,24029,H6,977,1988
Torrington,24032,H6,259.10000000000000,1944
Toulouse,24036,H6,1030,1812
Tounkin,24037,OC,2000,1824
Tourinnes-la-Grosse,24038,L6,14500,1863
Trebbin,24042,LL6,1250,1988
Trenzano,24046,H3/4,11800,1856
Treysa,24050,Iron & IIIAB-an,63000,1916
Tromøy,24053,H,357.4,1950
Troup,24054,L6,1020,1917
Trysil,24057,L/LL6,640,1927
Tsukuba,24059,H5-6,800,1996
Tuan Tuc,24060,L6,13100,1921
Tugalin-Bulen,24062,H6,10000,1967
Turtle Lake,47343,L5,89.3,1996
Tuxtuac,24086,LL5,30000,1975
Tysnes Island,24094,H4,19860,1884
Tyumen,24095,Iron,750,1903
Uberaba,24096,H5,40000,1903
Ucera,24097,H5,4590,1970
Uchkuduk,24098,L6,1000,1989
Udaipur,24099,H3,2000,1976
Udei Station,24101,Iron & IAB-ung,103000,1927
Uden,24103,LL7,710,1840
Udipi,24104,H5,3600,1866
Ufana,24106,EL6,189.2,1957